oneport	oneport	oneport/bench/server/config.hpp	c6485242fee4d6d2072442e0919e9bbfb51cc1953211d19baf065623785662aa
oneport	oneport	oneport/bench/server/detect.hpp	6a26e35b6383ce5bc556fe4ea1e0716e1d69baed9e689ee4d81bbb626e185f01
oneport	oneport	oneport/bench/server/main.cpp	d513bdad8360db78f07aab25a5575713a4a7c345654e8cc96bc128ab7f587208
oneport	oneport	oneport/bench/server/record.hpp	6d8a5451fdc1d7e2781327e31af93ec9a5a81b87d077a5f5caba9834a20e1e23
oneport	oneport	oneport/bench/server/server.hpp	e280778e48f145ee542482d742a73c679b7619163f52f8d46c9df802832c56f1
oneport	oneport_server	oneport/bench/loop/include/oneport/loop.hpp	1ddd4cc4bf3c0b844ce60d7690492e4acf8a92fbe4eb4c2f10f71f430cfee842
oneport	oneport_server	oneport/bench/server/apps.cpp	1549a59d4e8bc670930169a8d4a425d32478c0709d838d1c084acace590822fd
oneport	oneport_server	oneport/bench/server/apps.hpp	6e0a6d0d4528a5d62c0dfc7f59ca25caca267e4b78a109a40dbb2b1d19b1e151
oneport	oneport_server	oneport/bench/server/clienthello.hpp	a343db04485245e05dbac3a2a4a32351ebf37cdcf72a3118413968b08d86fdb5
oneport	oneport_server	oneport/bench/server/config.hpp	c6485242fee4d6d2072442e0919e9bbfb51cc1953211d19baf065623785662aa
oneport	oneport_server	oneport/bench/server/counters.cpp	147704092f7fd03fc4ade395b10e1aba884bb7224c93b1e0107bdea3fc1e2d73
oneport	oneport_server	oneport/bench/server/detect.hpp	6a26e35b6383ce5bc556fe4ea1e0716e1d69baed9e689ee4d81bbb626e185f01
oneport	oneport_server	oneport/bench/server/detect_checks.cpp	942eb1ccb274926c509bfe8b27cd4a0c5141ebe50f400121eb3b1a5ac8ca97d8
oneport	oneport_server	oneport/bench/server/detect_corpus.hpp	f6ad3f360034fb6c26cfd9433bc879355ac00186877c2d77b8f0416a9b612813
oneport	oneport_server	oneport/bench/server/h2.cpp	d0e933010f874453efefcad949ce957cff6205206f485a1191a8ad196ac32940
oneport	oneport_server	oneport/bench/server/h2.hpp	5d6275da1b010dde63557ab6bd01fc16d07720938882cf450e226f73e444c095
oneport	oneport_server	oneport/bench/server/handlers.cpp	7c375ac74494c2d94d011141280fe2af0a2df06c2793a6d2d78beb5589c9c999
oneport	oneport_server	oneport/bench/server/http1.hpp	ac0e9ef6315c4a38b56c64bbcb7e4c809b0c1f91a75888f806106f0938739574
oneport	oneport_server	oneport/bench/server/iocp.cpp	5a522bfae7488b1bdacdf2b7588e0984f07e3b53eba527fbf9eac5738ddaf851
oneport	oneport_server	oneport/bench/server/listeners.cpp	6e3f3335b1fca66a4e92655e737caba863189ca1e984d9497e34e0672f0ca7fb
oneport	oneport_server	oneport/bench/server/record.cpp	cae4abd21a4e1e9461feeda357b924e0a7b7fcfd0995e6ac2a92223377966f4c
oneport	oneport_server	oneport/bench/server/record.hpp	6d8a5451fdc1d7e2781327e31af93ec9a5a81b87d077a5f5caba9834a20e1e23
oneport	oneport_server	oneport/bench/server/relay.cpp	d161bd5caee11e1855094bb8c9e5e7e35176a25a7021242e97892c693bb5a4ff
oneport	oneport_server	oneport/bench/server/server.cpp	b90997877ffd2abc2b60f469152c7cec77cb2e48ac6ee59b5bb96f7d5b46227f
oneport	oneport_server	oneport/bench/server/server.hpp	e280778e48f145ee542482d742a73c679b7619163f52f8d46c9df802832c56f1
oneport	oneport_server	oneport/bench/server/server_win.cpp	e353bb20f8a95a41cb244e6fe201a2e64ac34ceb42402021bafc4d4c191ec1a2
oneport	oneport_server	oneport/bench/server/uring.cpp	1a1d6187842efac229ff9445864c5c8de12c859fc9aa9ee9ed87707e0ab8b5c6
oneport	oneport_server	oneport/bench/server/worker.cpp	078083e2bf5e316653249445bb014aeec479f61378124caacd81f6deb952eb39
oneport	oneport_server	oneport/bench/server/worker.hpp	80f90e9bf4c6934c591f5e58b2533958360d7e3cb0eafb153a493044413c3c9c
oneport	oneport_server	oneport/bench/tls/tls.hpp	1591856b5b5d82aede2127f0c100a445daaece7fc80616a79d8d8b54f4aa3de0
oneport	oneport_config	oneport/bench/server/config.cpp	70a3710584abf80aa9a578d95b7704366d61d1a1f357923eba55c95bba2d884f
oneport	oneport_config	oneport/bench/server/config.hpp	c6485242fee4d6d2072442e0919e9bbfb51cc1953211d19baf065623785662aa
oneport	oneport_loop	oneport/bench/loop/include/oneport/loop.hpp	1ddd4cc4bf3c0b844ce60d7690492e4acf8a92fbe4eb4c2f10f71f430cfee842
oneport	oneport_loop	oneport/bench/loop/src/common.cpp	fe07347f59bec9ee2b825f40314e8cc888f3b5b12c607a42fe2330c493c8b52d
oneport	oneport_loop	oneport/bench/loop/src/common.hpp	3643558d53655e4226fbd70d627144e881a7fc38f1e0a34f607d0e19c40c1bb4
oneport	oneport_loop	oneport/bench/loop/src/iocp.cpp	1690a0df9434a7aa71f60851a8999ffb7787d5374afe20c9c439d0a125b79f7f
oneport	oneport_tls	build/bench/tls/generated/test_material.cpp	6744286a2a14e880b118f280743427935d390330bf350ca7e9dcc6445edf2108
oneport	oneport_tls	oneport/bench/tls/tls.cpp	1aa9e60ae9e48e790c1b36af77b913200bb2f76e6927a4460f13e4619bb7536e
oneport	oneport_tls	oneport/bench/tls/tls.hpp	1591856b5b5d82aede2127f0c100a445daaece7fc80616a79d8d8b54f4aa3de0
oneport	opcase	build/bench/cases/generated/clienthello_hex.cpp	f0da3389bf1706f545966bff9237e02af0565d19ea177db22951b09f2dbccd66
oneport	opcase	oneport/bench/cases/cases.cpp	eb7675e264d140bde55fed3c36928546efb9e2e4c433105b9e9c3655cda37ffa
oneport	opcase	oneport/bench/cases/cases.hpp	c94d83132b95ee5810960ef48d2583e96ca2f08bda13005f6095f5336fdf8f4a
oneport	opcase	oneport/bench/cases/fixtures.cpp	efb6ff7a612737c3fb2f1da24426866cef2ed9b3527d7e347efeb92413ac3d4a
oneport	opcase	oneport/bench/cases/fixtures.hpp	b78fbc62f0e45e48e2ce7e5e8ba3f10414c53413e6f9c18ff068abc63f14935f
oneport	opcase	oneport/bench/cases/hold.cpp	7b6375301bd1e26ba70448306eb793f252743e37c50fbc3daa65bb8cacfbd1c6
oneport	opcase	oneport/bench/cases/hold.hpp	258c856da0738fd729b985a3e931fa986e235b2afdb3b1b25cbd91b76a103507
oneport	opcase	oneport/bench/cases/run_cases.cpp	601ff535428aba38f4adad70e6c06bb3cedaaa668b9f00ec6813ca4663810f06
oneport	opcase	oneport/bench/cases/run_cases.hpp	d907064172bcdd21261cedd3c3c2c1ccbeb695caaa23581467c8346f3ec2ac6a
oneport	opcase	oneport/bench/cases/script.cpp	72dbad90641462b4bcef7303dad8e5e0057a489f9c37b395a9715993fc89599e
oneport	opcase	oneport/bench/cases/script.hpp	20d5a193bc06426482741d2849d0e39130de40c382b4255a03c406f482dd15aa
oneport	opcase	oneport/bench/server/apps.hpp	6e0a6d0d4528a5d62c0dfc7f59ca25caca267e4b78a109a40dbb2b1d19b1e151
oneport	opcase	oneport/bench/server/config.hpp	c6485242fee4d6d2072442e0919e9bbfb51cc1953211d19baf065623785662aa
oneport	opcase	oneport/bench/server/detect.hpp	6a26e35b6383ce5bc556fe4ea1e0716e1d69baed9e689ee4d81bbb626e185f01
oneport	opcase	oneport/bench/server/http1.hpp	ac0e9ef6315c4a38b56c64bbcb7e4c809b0c1f91a75888f806106f0938739574
oneport	opcase	oneport/bench/server/server.hpp	e280778e48f145ee542482d742a73c679b7619163f52f8d46c9df802832c56f1
oneport	opcase	oneport/bench/tls/tls.hpp	1591856b5b5d82aede2127f0c100a445daaece7fc80616a79d8d8b54f4aa3de0
oneport	opcase_bin	oneport/bench/cases/cases.hpp	c94d83132b95ee5810960ef48d2583e96ca2f08bda13005f6095f5336fdf8f4a
oneport	opcase_bin	oneport/bench/cases/fixtures.hpp	b78fbc62f0e45e48e2ce7e5e8ba3f10414c53413e6f9c18ff068abc63f14935f
oneport	opcase_bin	oneport/bench/cases/hold.hpp	258c856da0738fd729b985a3e931fa986e235b2afdb3b1b25cbd91b76a103507
oneport	opcase_bin	oneport/bench/cases/opcase_main.cpp	1ab0309da9b36527c6f2338ba2d2c36e6d259bcdfebdf3fa6e29d9378739a5ce
oneport	opcase_bin	oneport/bench/cases/run_cases.hpp	d907064172bcdd21261cedd3c3c2c1ccbeb695caaa23581467c8346f3ec2ac6a
oneport	opcase_bin	oneport/bench/cases/script.hpp	20d5a193bc06426482741d2849d0e39130de40c382b4255a03c406f482dd15aa
oneport	opcase_bin	oneport/bench/server/detect.hpp	6a26e35b6383ce5bc556fe4ea1e0716e1d69baed9e689ee4d81bbb626e185f01
oneport	opgen	oneport/bench/gen/main.cpp	ea6abe7b035dc55b8bd11e6645c8d4369086c02dff5c4056a6de4e02bd6f0ee5
oneport	opgen	oneport/bench/gen/opgen.hpp	238a3d418320b3086562c6ea68b9be4ff472169e99e7dc399650ebb9bdbf8c4a
oneport	opgen_core	oneport/bench/cases/fixtures.hpp	b78fbc62f0e45e48e2ce7e5e8ba3f10414c53413e6f9c18ff068abc63f14935f
oneport	opgen_core	oneport/bench/gen/exchange.cpp	aaaf2e4150b737c8a382b47e87a4e34ec6f70a2bb2c197d7c8257e590ad525cd
oneport	opgen_core	oneport/bench/gen/exchange.hpp	fc06c5751a24e1cfdb96c2b8520f97db5ba9aa3d7dc8d2c9b91e8dbfc2084a32
oneport	opgen_core	oneport/bench/gen/hpack.hpp	15cf6db781dc14b7ad8b953c976978a52ca609e8ee8466d92ea549ba279a8cc8
oneport	opgen_core	oneport/bench/gen/opgen.cpp	3b0c7329a081251275d558684a138be10c69a590df5aeb56e6c68012550ae958
oneport	opgen_core	oneport/bench/gen/opgen.hpp	238a3d418320b3086562c6ea68b9be4ff472169e99e7dc399650ebb9bdbf8c4a
oneport	opgen_core	oneport/bench/gen/options.cpp	589af429ec1d4d66e31bd90feea8526d4832733609c64f1853a2570b9a481cc1
oneport	opgen_core	oneport/bench/gen/parse.cpp	560a5197e539e4f92669855441764a01ed1679c6569eab1c2f89029992ab3ee8
oneport	opgen_core	oneport/bench/gen/worker.cpp	fc6f8c0de0e916cf784ff9f1e861d4f893635d98da5f98f2dbb9b2dba25b3619
oneport	opgen_core	oneport/bench/gen/worker.hpp	b89112b8319559aa747e9aee80a9ab0029c77e8b6f4aaba5d5339f93df50b2c7
oneport	opgen_core	oneport/bench/gen/worker_win.cpp	662a129343bf350e73c6a8b904c3de03a9541404718fb647a14c22314ee7faff
oneport	opgen_core	oneport/bench/loop/include/oneport/loop.hpp	1ddd4cc4bf3c0b844ce60d7690492e4acf8a92fbe4eb4c2f10f71f430cfee842
oneport	opgen_core	oneport/bench/server/detect.hpp	6a26e35b6383ce5bc556fe4ea1e0716e1d69baed9e689ee4d81bbb626e185f01
oneport	opgen_core	oneport/bench/tls/tls.hpp	1591856b5b5d82aede2127f0c100a445daaece7fc80616a79d8d8b54f4aa3de0
oneport	oneport_tests	oneport/bench/cases/cases.hpp	c94d83132b95ee5810960ef48d2583e96ca2f08bda13005f6095f5336fdf8f4a
oneport	oneport_tests	oneport/bench/cases/fixtures.hpp	b78fbc62f0e45e48e2ce7e5e8ba3f10414c53413e6f9c18ff068abc63f14935f
oneport	oneport_tests	oneport/bench/cases/hold.hpp	258c856da0738fd729b985a3e931fa986e235b2afdb3b1b25cbd91b76a103507
oneport	oneport_tests	oneport/bench/cases/script.hpp	20d5a193bc06426482741d2849d0e39130de40c382b4255a03c406f482dd15aa
oneport	oneport_tests	oneport/bench/gen/hpack.hpp	15cf6db781dc14b7ad8b953c976978a52ca609e8ee8466d92ea549ba279a8cc8
oneport	oneport_tests	oneport/bench/gen/opgen.hpp	238a3d418320b3086562c6ea68b9be4ff472169e99e7dc399650ebb9bdbf8c4a
oneport	oneport_tests	oneport/bench/loop/include/oneport/loop.hpp	1ddd4cc4bf3c0b844ce60d7690492e4acf8a92fbe4eb4c2f10f71f430cfee842
oneport	oneport_tests	oneport/bench/server/apps.hpp	6e0a6d0d4528a5d62c0dfc7f59ca25caca267e4b78a109a40dbb2b1d19b1e151
oneport	oneport_tests	oneport/bench/server/clienthello.hpp	a343db04485245e05dbac3a2a4a32351ebf37cdcf72a3118413968b08d86fdb5
oneport	oneport_tests	oneport/bench/server/config.hpp	c6485242fee4d6d2072442e0919e9bbfb51cc1953211d19baf065623785662aa
oneport	oneport_tests	oneport/bench/server/detect.hpp	6a26e35b6383ce5bc556fe4ea1e0716e1d69baed9e689ee4d81bbb626e185f01
oneport	oneport_tests	oneport/bench/server/detect_corpus.hpp	f6ad3f360034fb6c26cfd9433bc879355ac00186877c2d77b8f0416a9b612813
oneport	oneport_tests	oneport/bench/server/http1.hpp	ac0e9ef6315c4a38b56c64bbcb7e4c809b0c1f91a75888f806106f0938739574
oneport	oneport_tests	oneport/bench/server/server.hpp	e280778e48f145ee542482d742a73c679b7619163f52f8d46c9df802832c56f1
oneport	oneport_tests	oneport/bench/tls/tls.hpp	1591856b5b5d82aede2127f0c100a445daaece7fc80616a79d8d8b54f4aa3de0
oneport	oneport_tests	oneport/tests/apps_tests.cpp	eead78d5df4dbb4c25f931bc50456cf806e8fe2ee714f5d061f6d15a677d4155
oneport	oneport_tests	oneport/tests/case_tests.cpp	632d43f935e3ffbc2fc2388363d03b9f9bdf588b4aae05bd04402591e5b16181
oneport	oneport_tests	oneport/tests/clienthello_tests.cpp	646e7e69e0ff54cd3616db457b488b67f745e6ee014c2c7409735ca9369acbb9
oneport	oneport_tests	oneport/tests/detect_tests.cpp	8fc430fbeaaa67d757bd9e14c05778fc90c5f862a3d3c2c7d5a5842da4adac72
oneport	oneport_tests	oneport/tests/gen_tests.cpp	851294433cb23b077a16fbdce430f76a459e29e973cb9dc770aee39635b03c09
oneport	oneport_tests	oneport/tests/handler_tests.cpp	4ca0abd6ad98843ccc897dc64194f3215513cb8bd8e13a8625690784abbb74bf
oneport	oneport_tests	oneport/tests/harness.hpp	4dae67d643dc17e2934762a70e81ff66b04de7af8d8434d471da88a1fddb7fdc
oneport	oneport_tests	oneport/tests/http_tests.cpp	2c14b21c5c5065ec03a5ad4a60f312a2b0cf74b7834de35d33d8fff9d3f5f9e0
oneport	oneport_tests	oneport/tests/iocp_tests.cpp	bc6eec89eef7737bd61afd303ecc0ed0f79e9288100fe9d3594658f18881e45f
oneport	oneport_tests	oneport/tests/relay_tests.cpp	946407c70fd8a801ec1ca49a682b84e41791ed69d804c558813af74effaf7ece
oneport	oneport_tests	oneport/tests/server_tests.cpp	f8ec981ec31a1eb3b23e0b9a945ae4b36cbd437073bc25553d1a665fbd75e41e
oneport	oneport_tests	oneport/tests/test_support.hpp	edb60fdd247e1c61e60060e38709c4af7895e6e1b7a0ae82d97a70169554f858
oneport	oneport_tests	oneport/tests/unit_tests.cpp	c29b24838c5aecfb775184807501a7b878b2c7d8699da5604dbc97512ee7f76c
