family,hyp,number,cell,holm,R,sessions,valid_sessions,tested,median,ci95_low,ci95_high,holm_rank,holm_alpha,ci_holm_low,ci_holm_high,p_boot,p_sign,p_boot_holm,p_sign_holm,pass_boot,pass_sign,passes,disagree,verdict,invalid_windows
C,C1,1,C1.L.epoll.http1,True,28,28,28,True,0.9915805474581417,0.9900211657846925,0.9933284379075404,1,0.00078125,0.9886686904107246,0.9946279257077825,5.0571255011235314e-05,3.725290298461914e-09,0.00161828016035953,1.1920928955078125e-07,True,True,True,False,"equivalent within [0.98, 1.02]",0
C,C1,2,C1.L.epoll.h2c,True,28,28,28,True,0.99456970024557,0.9925716635809047,0.9973521093844195,4,0.0008620689655172415,0.9914677197765905,0.9982031636550163,5.26466654342627e-05,3.725290298461914e-09,0.00161828016035953,1.1920928955078125e-07,True,True,True,False,"equivalent within [0.98, 1.02]",0
C,C1,3,C1.L.epoll.tls,True,28,28,28,True,0.9985632060004259,0.9971348079782227,0.9995188252037588,3,0.0008333333333333334,0.996622578090808,1.0000001833990768,5.194608684979057e-05,3.725290298461914e-09,0.00161828016035953,1.1920928955078125e-07,True,True,True,False,"equivalent within [0.98, 1.02]",0
C,C1,4,C1.L.epoll.mqtt,True,28,28,28,True,0.992068904213652,0.9910329577663477,0.9932001591979551,16,0.0014705882352941176,0.9906298285639261,0.9939726352756495,6.0903640669681155e-05,3.725290298461914e-09,0.00161828016035953,1.1920928955078125e-07,True,True,True,False,"equivalent within [0.98, 1.02]",0
C,C1,5,C1.L.io_uring.http1,True,28,28,28,True,0.9945585334472411,0.9933241271398009,0.9959795180871582,14,0.0013157894736842105,0.9923836936973272,0.9960962204538479,5.751102763790644e-05,3.725290298461914e-09,0.00161828016035953,1.1920928955078125e-07,True,True,True,False,"equivalent within [0.98, 1.02]",0
C,C1,6,C1.L.io_uring.h2c,True,28,28,28,True,0.9853662424334347,0.9832275331178315,0.9885708535346343,30,0.008333333333333333,0.9821500316674798,0.989268395240892,0.0023112422008992025,0.006270475685596466,0.006933726602697607,0.018811427056789398,True,True,True,False,"equivalent within [0.98, 1.02]",0
C,C1,7,C1.L.io_uring.tls,True,28,28,28,True,0.9982074221712576,0.996953900053936,1.000177719127372,6,0.000925925925925926,0.9961477790065387,1.0015932879358531,5.3521168289781346e-05,3.725290298461914e-09,0.00161828016035953,1.1920928955078125e-07,True,True,True,False,"equivalent within [0.98, 1.02]",0
C,C1,8,C1.L.io_uring.mqtt,True,28,28,28,True,0.9951015112213097,0.9938233181029081,0.9964233950345804,2,0.0008064516129032258,0.9926628925125224,0.9972907679766454,5.078050753815294e-05,3.725290298461914e-09,0.00161828016035953,1.1920928955078125e-07,True,True,True,False,"equivalent within [0.98, 1.02]",0
C,C1,9,C1.W.IOCP.http1,True,28,28,28,True,0.997756296427609,0.9951090001720677,0.9994636105881491,9,0.0010416666666666667,0.9884015182210585,1.000577388081769,5.5084657597446125e-05,8.999556303024292e-05,0.00161828016035953,0.0005399733781814575,True,True,True,False,"equivalent within [0.98, 1.02]",0
C,C1,10,C1.W.IOCP.h2c,False,28,0,0,False,,,,,,,,,,,,,,,,"outside the confirmatory cost family: generator-bound on W (Alex's decision of 2026-10-04; revision log, entry W before the code freeze, item 1)",0
C,C1,11,C1.W.IOCP.tls,True,28,28,28,True,0.9968780990164228,0.9927607995529192,1.0039372496910512,12,0.0011904761904761906,0.9911126488883176,1.0067178997755906,5.634328287651979e-05,8.999556303024292e-05,0.00161828016035953,0.0005399733781814575,True,True,True,False,"equivalent within [0.98, 1.02]",0
C,C1,12,C1.W.IOCP.mqtt,False,28,0,0,False,,,,,,,,,,,,,,,,"outside the confirmatory cost family: generator-bound on W (Alex's decision of 2026-10-04; revision log, entry W before the code freeze, item 1)",0
C,C2,13,C2.L.epoll.http1,True,28,28,28,True,0.9984726610245694,0.9976718311715045,1.000699970682827,24,0.002777777777777778,0.997303384186143,1.0009924885323822,6.409189521044797e-05,3.725290298461914e-09,0.00161828016035953,1.1920928955078125e-07,True,True,True,False,"equivalent within [0.98, 1.02]",0
C,C2,14,C2.L.epoll.h2c,True,28,28,28,True,0.9997076205266053,0.997329173302457,1.0042713891592703,22,0.002272727272727273,0.9968952033318762,1.0047576569223353,6.389623103595888e-05,3.725290298461914e-09,0.00161828016035953,1.1920928955078125e-07,True,True,True,False,"equivalent within [0.98, 1.02]",0
C,C2,15,C2.L.epoll.tls,True,28,28,28,True,0.9979112639339942,0.995806918715552,1.003928151362421,13,0.00125,0.9945659459230622,1.0049197344292544,5.6517004375810804e-05,3.725290298461914e-09,0.00161828016035953,1.1920928955078125e-07,True,True,True,False,"equivalent within [0.98, 1.02]",0
C,C2,16,C2.L.epoll.mqtt,True,28,28,28,True,0.998577403899159,0.9969088741998986,1.000375529740276,8,0.001,0.9967246894201104,1.0010896318198843,5.4186030671832146e-05,3.725290298461914e-09,0.00161828016035953,1.1920928955078125e-07,True,True,True,False,"equivalent within [0.98, 1.02]",0
C,C2,17,C2.L.io_uring.http1,True,28,28,28,True,0.9990349873674613,0.9983621666180689,1.0013584338599268,10,0.0010869565217391304,0.9957460670698897,1.004299533927155,5.599735264946533e-05,3.725290298461914e-09,0.00161828016035953,1.1920928955078125e-07,True,True,True,False,"equivalent within [0.98, 1.02]",0
C,C2,18,C2.L.io_uring.h2c,True,28,28,28,True,0.9999883492725563,0.9967921234868601,1.003425081273135,11,0.0011363636363636365,0.9958057984780705,1.0047650037846523,5.605486796312071e-05,3.725290298461914e-09,0.00161828016035953,1.1920928955078125e-07,True,True,True,False,"equivalent within [0.98, 1.02]",0
C,C2,19,C2.L.io_uring.tls,True,28,28,28,True,1.0005828520215432,0.9954973466204196,1.0036142530375147,5,0.0008928571428571429,0.9932279665472032,1.0052575740044218,5.34661123401914e-05,3.725290298461914e-09,0.00161828016035953,1.1920928955078125e-07,True,True,True,False,"equivalent within [0.98, 1.02]",0
C,C2,20,C2.L.io_uring.mqtt,True,28,28,28,True,0.9992260045379114,0.9957510829000669,1.001993373709633,15,0.001388888888888889,0.9952316944134564,1.0033131610172756,5.900289191824491e-05,3.725290298461914e-09,0.00161828016035953,1.1920928955078125e-07,True,True,True,False,"equivalent within [0.98, 1.02]",0
C,C2,21,C2.W.IOCP.http1,True,28,28,28,True,1.0023569004425106,0.9984906731951302,1.0142360078330241,25,0.003125,0.9967199771125339,1.0155687196114904,6.86820617166124e-05,8.999556303024292e-05,0.00161828016035953,0.0005399733781814575,True,True,True,False,"equivalent within [0.98, 1.02]",0
C,C2,22,C2.W.IOCP.h2c,True,28,28,28,True,1.0001820945408946,0.9968013057050896,1.0070558223827533,28,0.005,0.9960686886781858,1.012729978480697,7.051801475047235e-05,1.516193151473999e-06,0.00161828016035953,1.667812466621399e-05,True,True,True,False,"equivalent within [0.98, 1.02]",0
C,C2,23,C2.W.IOCP.tls,True,28,28,28,True,1.0002545512575989,0.9958676058406499,1.0108487054568018,18,0.0016666666666666668,0.9924817772115969,1.0134090868367687,6.152903741497007e-05,1.372024416923523e-05,0.00161828016035953,9.60417091846466e-05,True,True,True,False,"equivalent within [0.98, 1.02]",0
C,C2,24,C2.W.IOCP.mqtt,True,28,28,28,True,0.9977000385857898,0.9931729832638992,1.0014079685055064,19,0.0017857142857142859,0.9916851387846203,1.0046497725614585,6.228753177763734e-05,1.516193151473999e-06,0.00161828016035953,1.667812466621399e-05,True,True,True,False,"equivalent within [0.98, 1.02]",0
C,C3,25,C3.L.epoll.http1,True,28,28,28,True,1.0089842845257442,1.0073334807480943,1.0101264486541792,7,0.0009615384615384616,1.007026905155569,1.010468194966598,5.413032882481435e-05,3.725290298461914e-09,0.00161828016035953,1.1920928955078125e-07,True,True,True,False,"equivalent within [0.98, 1.02]",0
C,C3,26,C3.L.epoll.h2c,True,28,28,28,True,1.0263138855765988,1.0244103997274845,1.027986703184839,32,0.025,1.0244103997274845,1.027986703184839,0.9999531561694172,0.9999998919665813,1.0,1.0,False,False,False,False,"equivalence not shown; a measured cost (the 95% interval lies wholly outside the margin, against one-port mode)",0
C,C3,27,C3.L.epoll.tls,True,28,28,28,True,1.0035618781020141,1.0030083152121851,1.004099065624931,27,0.004166666666666667,1.0029150881332092,1.0042202893388403,7.044655000617587e-05,3.725290298461914e-09,0.00161828016035953,1.1920928955078125e-07,True,True,True,False,"equivalent within [0.98, 1.02]",0
C,C3,28,C3.L.epoll.mqtt,True,28,28,28,True,1.0102249198090028,1.0084843961138734,1.0110628630769884,29,0.00625,1.0082629412449484,1.0111327300427688,7.298908142038725e-05,3.725290298461914e-09,0.00161828016035953,1.1920928955078125e-07,True,True,True,False,"equivalent within [0.98, 1.02]",0
C,C3,29,C3.L.io_uring.http1,True,28,28,28,True,1.0095301442299587,1.0073504309976957,1.0106958295926884,17,0.0015625,1.007083771869239,1.0114393234762713,6.0965908762810564e-05,3.725290298461914e-09,0.00161828016035953,1.1920928955078125e-07,True,True,True,False,"equivalent within [0.98, 1.02]",0
C,C3,30,C3.L.io_uring.h2c,True,28,28,28,True,1.0212371651443846,1.0197314807201685,1.023214806464046,31,0.0125,1.0194108781070037,1.023440708026455,0.9608899004323829,0.9821509309113026,1.0,1.0,False,False,False,False,equivalence not shown,0
C,C3,31,C3.L.io_uring.tls,True,28,28,28,True,1.00349158752916,1.0020578845676458,1.0046731120740051,20,0.0019230769230769232,1.0017913085803136,1.0052944307673333,6.247853265549844e-05,3.725290298461914e-09,0.00161828016035953,1.1920928955078125e-07,True,True,True,False,"equivalent within [0.98, 1.02]",0
C,C3,32,C3.L.io_uring.mqtt,True,28,28,28,True,1.0037582116924615,1.002915343274685,1.0043102956317038,21,0.0020833333333333333,1.0025786801860261,1.0049334718739211,6.383113533956838e-05,3.725290298461914e-09,0.00161828016035953,1.1920928955078125e-07,True,True,True,False,"equivalent within [0.98, 1.02]",0
C,C3,33,C3.W.IOCP.http1,True,28,29,28,True,1.0029849743134547,0.9982788589642518,1.0045170047073948,26,0.0035714285714285718,0.9968855514725462,1.0055081008703874,6.875183034736318e-05,1.516193151473999e-06,0.00161828016035953,1.667812466621399e-05,True,True,True,False,"equivalent within [0.98, 1.02]",1
C,C3,34,C3.W.IOCP.h2c,False,28,29,28,True,0.9906237235960121,0.9582044518500369,1.0130950400765353,,,,,0.16307022465461504,0.17246422544121742,,,,,,,not resolved at R <= 32,1
C,C3,35,C3.W.IOCP.tls,True,28,28,28,True,0.9987911135841798,0.9956659820737783,1.0020989341684734,23,0.0025,0.9927652139631888,1.00417698359049,6.402661091484549e-05,1.516193151473999e-06,0.00161828016035953,1.667812466621399e-05,True,True,True,False,"equivalent within [0.98, 1.02]",0
C,C3,36,C3.W.IOCP.mqtt,False,28,29,28,True,1.0183248901114033,0.9888521467354252,1.0360238453768078,,,,,0.37485800029057026,0.4252770096063614,,,,,,,not resolved at R <= 32,1
B3,B3,1,B3.silent.nginx.epoll,True,16,19,16,True,1.6727936223951065,1.6664638968307075,1.6820347270105935,9,0.0025,1.6580112114657704,1.6882636605673864,5.205329206921933e-05,1.52587890625e-05,0.0007318717434184619,0.000274658203125,True,True,True,False,"shown: the competitor held at least 1.10 times the server's counted footprint per pending connection, by B3's test",3
B3,B3,2,B3.silent.nginx.io_uring,True,16,16,16,True,1.6275482304998459,1.6200966584635457,1.63066808545712,5,0.0017857142857142859,1.6163082331296406,1.6335237649656156,4.479859825790655e-05,1.52587890625e-05,0.0007318717434184619,0.000274658203125,True,True,True,False,"shown: the competitor held at least 1.10 times the server's counted footprint per pending connection, by B3's test",0
B3,B3,3,B3.silent.haproxy.epoll,True,16,17,16,True,1.3960261197869719,1.3899438671921656,1.3986019301519181,8,0.002272727272727273,1.388923350666748,1.4019059328927375,4.917994787999721e-05,1.52587890625e-05,0.0007318717434184619,0.000274658203125,True,True,True,False,"shown: the competitor held at least 1.10 times the server's counted footprint per pending connection, by B3's test",1
B3,B3,4,B3.silent.haproxy.io_uring,True,16,19,16,True,1.3641357253414403,1.3606557774381471,1.367221707684347,7,0.0020833333333333333,1.3577361955774319,1.3714396381109126,4.822262395764155e-05,1.52587890625e-05,0.0007318717434184619,0.000274658203125,True,True,True,False,"shown: the competitor held at least 1.10 times the server's counted footprint per pending connection, by B3's test",3
B3,B3,5,B3.silent.envoy.epoll,True,16,18,16,True,2.4495973734961316,2.439943162922877,2.462639793535701,10,0.002777777777777778,2.435690523087467,2.465922725929983,5.674942058605876e-05,1.52587890625e-05,0.0007318717434184619,0.000274658203125,True,True,True,False,"shown: the competitor held at least 1.10 times the server's counted footprint per pending connection, by B3's test",2
B3,B3,6,B3.silent.envoy.io_uring,True,16,18,16,True,2.3732586981172625,2.3647180091297306,2.3851650779087192,3,0.0015625,2.357964849034294,2.39344471596722,4.301671647474685e-05,1.52587890625e-05,0.0007318717434184619,0.000274658203125,True,True,True,False,"shown: the competitor held at least 1.10 times the server's counted footprint per pending connection, by B3's test",2
B3,B3,7,B3.silent.sslh-ev.epoll,True,16,17,16,True,0.9985457213490531,0.995780067022465,0.9999693420810595,16,0.008333333333333333,0.9948331280603203,1.0001836097680394,0.9999400845057167,1.0,1.0,1.0,False,False,False,False,not shown; loss (the 95% interval of Q lies wholly below 1.00),1
B3,B3,8,B3.silent.sslh-ev.io_uring,True,16,17,16,True,0.9722475779883706,0.9702158693115519,0.9745778248322821,15,0.00625,0.9698977049564734,0.9762328994654667,0.9999318044450478,1.0,1.0,1.0,False,False,False,False,not shown; loss (the 95% interval of Q lies wholly below 1.00),1
B3,B3,9,B3.silent.hyper-util.epoll,True,16,18,16,True,1.3007778109196857,1.2990688897825347,1.305083691120652,11,0.003125,1.2977126667610486,1.306301507222762,5.828228891472049e-05,1.52587890625e-05,0.0007318717434184619,0.000274658203125,True,True,True,False,"shown: the competitor held at least 1.10 times the server's counted footprint per pending connection, by B3's test",2
B3,B3,10,B3.silent.hyper-util.io_uring,True,16,16,16,True,1.2675040707507503,1.263160239482005,1.2732035928143712,14,0.005,1.2624262722665165,1.2738366514751738,7.051801475047e-05,1.52587890625e-05,0.0007318717434184619,0.000274658203125,True,True,True,False,"shown: the competitor held at least 1.10 times the server's counted footprint per pending connection, by B3's test",0
B3,B3,11,B3.partial-hello.nginx.epoll,True,16,18,16,True,1.7905709663495082,1.781699627348853,1.7933905440391662,1,0.001388888888888889,1.7771142575374435,1.795397498752675,4.065954130102566e-05,1.52587890625e-05,0.0007318717434184619,0.000274658203125,True,True,True,False,"shown: the competitor held at least 1.10 times the server's counted footprint per pending connection, by B3's test",2
B3,B3,12,B3.partial-hello.nginx.io_uring,True,16,17,16,True,1.7447057233966243,1.738876584935763,1.7495077278769198,2,0.0014705882352941176,1.736311460247704,1.749892811354758,4.082988429705669e-05,1.52587890625e-05,0.0007318717434184619,0.000274658203125,True,True,True,False,"shown: the competitor held at least 1.10 times the server's counted footprint per pending connection, by B3's test",1
B3,B3,13,B3.partial-hello.haproxy.epoll,True,16,19,16,True,1.9176512689621992,1.9119385003728988,1.9220353725717598,4,0.0016666666666666668,1.9108720293765404,1.922862738056197,4.447373262826232e-05,1.52587890625e-05,0.0007318717434184619,0.000274658203125,True,True,True,False,"shown: the competitor held at least 1.10 times the server's counted footprint per pending connection, by B3's test",3
B3,B3,14,B3.partial-hello.haproxy.io_uring,True,16,16,16,True,1.870743221275458,1.867855137563167,1.8749329039184113,6,0.0019230769230769232,1.8546401871382097,1.877040796029443,4.772586009356363e-05,1.52587890625e-05,0.0007318717434184619,0.000274658203125,True,True,True,False,"shown: the competitor held at least 1.10 times the server's counted footprint per pending connection, by B3's test",0
B3,B3,15,B3.partial-hello.envoy.epoll,True,16,16,16,True,2.5068675398571036,2.4950492837946023,2.5194778701366527,13,0.004166666666666667,2.4888467326702943,2.5218644024810875,6.655218268416006e-05,1.52587890625e-05,0.0007318717434184619,0.000274658203125,True,True,True,False,"shown: the competitor held at least 1.10 times the server's counted footprint per pending connection, by B3's test",0
B3,B3,16,B3.partial-hello.envoy.io_uring,True,16,17,16,True,2.4275950774527857,2.424091806350976,2.445425661071188,12,0.0035714285714285718,2.4214440552164262,2.4475316799165534,6.10906255866954e-05,1.52587890625e-05,0.0007318717434184619,0.000274658203125,True,True,True,False,"shown: the competitor held at least 1.10 times the server's counted footprint per pending connection, by B3's test",1
B3,B3,17,B3.partial-hello.sslh-ev.epoll,True,16,19,16,True,0.959635055940739,0.9571805068961728,0.962885882761013,18,0.025,0.9571805068961728,0.962885882761013,0.9999574736527672,1.0,1.0,1.0,False,False,False,False,not shown; loss (the 95% interval of Q lies wholly below 1.00),3
B3,B3,18,B3.partial-hello.sslh-ev.io_uring,True,16,19,16,True,0.9398486109471225,0.9364474458486285,0.943197202166065,17,0.0125,0.9358647891985798,0.9441265387735167,0.9999521256201007,1.0,1.0,1.0,False,False,False,False,not shown; loss (the 95% interval of Q lies wholly below 1.00),3
B3,B3,19,B3.silent.netty.epoll,False,16,16,16,True,1.1887123015877608,1.1851707609346915,1.1933499445452806,,,,,3.846477399493137e-05,1.52587890625e-05,,,,,,,descriptive,0
B3,B3,20,B3.silent.netty.io_uring,False,16,18,16,True,1.1617440700053399,1.1578233298923462,1.1635365925230354,,,,,3.630545157867039e-05,1.52587890625e-05,,,,,,,descriptive,2
B3,B3,21,B3.silent.jetty.epoll,False,16,19,16,True,1.7930117956456022,1.7845800826067002,1.8176457741865035,,,,,6.08414327355073e-05,1.52587890625e-05,,,,,,,descriptive,3
B3,B3,22,B3.silent.jetty.io_uring,False,16,16,16,True,1.7776950048564024,1.768810551413998,1.801660771951407,,,,,5.6054867962778896e-05,1.52587890625e-05,,,,,,,descriptive,0
B3,B3,23,B3.silent.caddy-l4.epoll,False,16,16,16,True,2.569801680434831,2.564524028664784,2.589414767659994,,,,,6.55441871174082e-05,1.52587890625e-05,,,,,,,descriptive,0
B3,B3,24,B3.silent.caddy-l4.io_uring,False,16,17,16,True,2.522711848057421,2.518239635207296,2.537147711069988,,,,,4.270405042691872e-05,1.52587890625e-05,,,,,,,descriptive,1
B3,B3,25,B3.silent.cmux.epoll,False,16,18,16,True,1.4935834956923366,1.490746728252502,1.5031913909531003,,,,,6.178089278115008e-05,1.52587890625e-05,,,,,,,descriptive,2
B3,B3,26,B3.silent.cmux.io_uring,False,16,16,16,True,1.4626042712863716,1.4567299060386618,1.468316089368721,,,,,7.313696337418349e-05,1.52587890625e-05,,,,,,,descriptive,0
B3,B3,27,B3.partial-hello.netty.epoll,False,16,19,16,True,0.7978802455240597,0.7956898807521213,0.7997511030659576,,,,,0.9999381559911908,1.0,,,,,,,descriptive,3
B3,B3,28,B3.partial-hello.netty.io_uring,False,16,16,16,True,0.7852090459958674,0.7833020463542926,0.7875655347449934,,,,,0.9999477855082768,1.0,,,,,,,descriptive,0
B3,B3,29,B3.partial-hello.jetty.epoll,False,16,16,16,True,3.574156279791847,3.5643721035379223,3.5917919919996923,,,,,5.1254318532412145e-05,1.52587890625e-05,,,,,,,descriptive,0
B3,B3,30,B3.partial-hello.jetty.io_uring,False,16,17,16,True,3.5225031493042893,3.512325566206362,3.549215111912272,,,,,6.8057153429004e-05,1.52587890625e-05,,,,,,,descriptive,1
B3,B3,31,B3.partial-hello.caddy-l4.epoll,False,16,17,16,True,2.857898459453201,2.840047121020572,2.8667966590029392,,,,,4.842269241265942e-05,1.52587890625e-05,,,,,,,descriptive,1
B3,B3,32,B3.partial-hello.caddy-l4.io_uring,False,16,17,16,True,2.7723582323904443,2.7625,2.7957141642336802,,,,,6.09659087494466e-05,1.52587890625e-05,,,,,,,descriptive,1
B3,B3,33,B3.partial-hello.cmux.epoll,False,16,20,15,False,,,,,,,,,,,,,,,,descriptive,5
B3,B3,34,B3.partial-hello.cmux.io_uring,False,16,17,16,True,1.7126791790039526,1.7061115440276073,1.7149558911483254,,,,,5.270092406533233e-05,1.52587890625e-05,,,,,,,descriptive,1
M,M1,1,M1.L.epoll.http1,True,16,16,16,True,1.0320459755925977,1.0301118625757182,1.0327531334476905,10,0.002272727272727273,,,6.146622548048514e-05,1.52587890625e-05,0.0008038637472274353,0.00030517578125,True,True,True,False,shown,0
M,M1,2,M1.L.io_uring.http1,True,16,16,16,True,1.0556593799098057,1.0539664800962723,1.058840288956762,5,0.0015625,,,4.708728352827944e-05,1.52587890625e-05,0.0008038637472274353,0.00030517578125,True,True,True,False,shown,0
M,M1,3,M1.W.IOCP.http1,True,16,16,16,True,1.0370960152048365,1.0331148144027749,1.0432526559857347,11,0.0025,,,6.279809915771054e-05,0.0002593994140625,0.0008038637472274353,0.001556396484375,True,True,True,False,shown,0
M,M1,4,M1.L.epoll.h2c,True,16,16,16,True,1.0273321092855294,1.0236614980831096,1.0310548718697137,9,0.0020833333333333333,,,5.9063320858476385e-05,1.52587890625e-05,0.0008038637472274353,0.00030517578125,True,True,True,False,shown,0
M,M1,5,M1.L.io_uring.h2c,True,16,16,16,True,1.0384581079391908,1.0359431288846677,1.040834210446376,1,0.00125,,,3.854552843663078e-05,1.52587890625e-05,0.0007709105687326157,0.00030517578125,True,True,True,False,shown,0
M,M1,6,M1.W.IOCP.h2c,True,16,16,16,True,0.9523519419903363,0.8836799559400662,1.077301329858599,16,0.005,,,0.7755573777775906,0.7727508544921875,1.0,1.0,False,False,False,False,a difference was not shown,0
M,M2,7,M2.L.epoll.http1,True,16,16,16,True,0.2725925925925926,0.2713864306784661,0.27306287935233964,15,0.004166666666666667,,,0.0013996923319239817,1.52587890625e-05,0.00839815399154389,0.00030517578125,True,True,True,False,shown,0
M,M2,8,M2.L.io_uring.http1,True,16,16,16,True,0.2475173331465789,0.24582701062215478,0.2484756097560976,12,0.002777777777777778,,,6.415724248820583e-05,1.52587890625e-05,0.0008038637472274353,0.00030517578125,True,True,True,False,shown,0
M,M2,9,M2.L.epoll.tls,True,16,0,0,False,,,,17,0.00625,,,,,1.0,1.0,False,False,False,False,"a difference was not shown; untested: 0 valid sessions, fewer than R = 16 (4.1)",0
M,M2,10,M2.L.io_uring.tls,True,16,0,0,False,,,,18,0.008333333333333333,,,,,1.0,1.0,False,False,False,False,"a difference was not shown; untested: 0 valid sessions, fewer than R = 16 (4.1)",0
M,M3,11,M3.L.epoll.tls-stub.nginx,True,16,16,16,True,1.0864740426102957,1.0854010488246566,1.088981724553201,13,0.003125,,,6.435366279211257e-05,1.52587890625e-05,0.0008038637472274353,0.00030517578125,True,True,True,False,shown,0
M,M3,12,M3.L.epoll.tls-stub.haproxy,True,16,16,16,True,1.098819735502198,1.097363701219015,1.1005075444987797,3,0.001388888888888889,,,4.4659097068190854e-05,1.52587890625e-05,0.0008038637472274353,0.00030517578125,True,True,True,False,shown,0
M,M3,13,M3.L.epoll.tls-stub.envoy,True,16,16,16,True,2.1992828630630727,2.189094636977678,2.203236421054997,2,0.0013157894736842105,,,4.2129060199035436e-05,1.52587890625e-05,0.0008004521437816733,0.00030517578125,True,True,True,False,shown,0
M,M3,14,M3.L.epoll.tls-stub.caddy-l4,True,16,16,16,True,2.1118456319224808,2.1088869391844085,2.1165312900826603,7,0.0017857142857142859,,,5.07805075383532e-05,1.52587890625e-05,0.0008038637472274353,0.00030517578125,True,True,True,False,shown,0
M,M3,15,M3.L.epoll.tls-stub.sslh-ev,True,16,20,0,False,,,,19,0.0125,,,,,1.0,1.0,False,False,False,False,"not shown; untested: 0 valid sessions, fewer than R = 16 (4.1)",40
M,M3,16,M3.L.epoll.http1.nginx,True,16,16,16,True,1.0803835382183409,1.0777840741539069,1.0838380209045482,14,0.0035714285714285718,,,6.474821173740671e-05,1.52587890625e-05,0.0008038637472274353,0.00030517578125,True,True,True,False,shown,0
M,M3,17,M3.L.epoll.http1.haproxy,True,16,16,16,True,1.1156748104354346,1.114933341211783,1.1171070888514631,8,0.0019230769230769232,,,5.6865967146118933e-05,1.52587890625e-05,0.0008038637472274353,0.00030517578125,True,True,True,False,shown,0
M,M3,18,M3.L.epoll.http1.envoy,True,16,16,16,True,2.1723010997175005,2.167303521871893,2.1939422177432046,4,0.0014705882352941176,,,4.607273643155931e-05,1.52587890625e-05,0.0008038637472274353,0.00030517578125,True,True,True,False,shown,0
M,M3,19,M3.L.epoll.http1.caddy-l4,True,16,16,16,True,2.048469891441921,2.044534364192015,2.0499627527011857,6,0.0016666666666666668,,,4.738100281664565e-05,1.52587890625e-05,0.0008038637472274353,0.00030517578125,True,True,True,False,shown,0
M,M3,20,M3.L.epoll.http1.sslh-ev,True,16,20,0,False,,,,20,0.025,,,,,1.0,1.0,False,False,False,False,"not shown; untested: 0 valid sessions, fewer than R = 16 (4.1)",40
